Workbook

Sheet 月次集計
A1: 月次集計
A3: 集計する月（例：202610 ＝ 2026年10月） | B3: 202610 | C3: ← 黄色のセルを変えると切り替わります
A5: メール（職員ごとに入力） | B5: 名前 | C5: 出勤日数 | D5: 遅刻回数 | E5: 遅刻合計(分) | F5: メモ
B6: =IF($A6="","",IFERROR(INDEX(打刻!E:E,MATCH($A6,打刻!F:F,0)),"（記録なし）")) | C6: =IF($A6="","",COUNTIFS(打刻!F:F,$A6,打刻!D:D,$B$3,打刻!G:G,"出勤",打刻!H:H,"○")) | D6: =IF($A6="","",COUNTIFS(打刻!F:F,$A6,打刻!D:D,$B$3,打刻!G:G,"出勤",打刻!H:H,"○",打刻!I:I,">0")) | E6: =IF($A6="","",SUMIFS(打刻!I:I,打刻!F:F,$A6,打刻!D:D,$B$3,打刻!G:G,"出勤",打刻!H:H,"○"))
B7: =IF($A7="","",IFERROR(INDEX(打刻!E:E,MATCH($A7,打刻!F:F,0)),"（記録なし）")) | C7: =IF($A7="","",COUNTIFS(打刻!F:F,$A7,打刻!D:D,$B$3,打刻!G:G,"出勤",打刻!H:H,"○")) | D7: =IF($A7="","",COUNTIFS(打刻!F:F,$A7,打刻!D:D,$B$3,打刻!G:G,"出勤",打刻!H:H,"○",打刻!I:I,">0")) | E7: =IF($A7="","",SUMIFS(打刻!I:I,打刻!F:F,$A7,打刻!D:D,$B$3,打刻!G:G,"出勤",打刻!H:H,"○"))
B8: =IF($A8="","",IFERROR(INDEX(打刻!E:E,MATCH($A8,打刻!F:F,0)),"（記録なし）")) | C8: =IF($A8="","",COUNTIFS(打刻!F:F,$A8,打刻!D:D,$B$3,打刻!G:G,"出勤",打刻!H:H,"○")) | D8: =IF($A8="","",COUNTIFS(打刻!F:F,$A8,打刻!D:D,$B$3,打刻!G:G,"出勤",打刻!H:H,"○",打刻!I:I,">0")) | E8: =IF($A8="","",SUMIFS(打刻!I:I,打刻!F:F,$A8,打刻!D:D,$B$3,打刻!G:G,"出勤",打刻!H:H,"○"))
B9: =IF($A9="","",IFERROR(INDEX(打刻!E:E,MATCH($A9,打刻!F:F,0)),"（記録なし）")) | C9: =IF($A9="","",COUNTIFS(打刻!F:F,$A9,打刻!D:D,$B$3,打刻!G:G,"出勤",打刻!H:H,"○")) | D9: =IF($A9="","",COUNTIFS(打刻!F:F,$A9,打刻!D:D,$B$3,打刻!G:G,"出勤",打刻!H:H,"○",打刻!I:I,">0")) | E9: =IF($A9="","",SUMIFS(打刻!I:I,打刻!F:F,$A9,打刻!D:D,$B$3,打刻!G:G,"出勤",打刻!H:H,"○"))
B10: =IF($A10="","",IFERROR(INDEX(打刻!E:E,MATCH($A10,打刻!F:F,0)),"（記録なし）")) | C10: =IF($A10="","",COUNTIFS(打刻!F:F,$A10,打刻!D:D,$B$3,打刻!G:G,"出勤",打刻!H:H,"○")) | D10: =IF($A10="","",COUNTIFS(打刻!F:F,$A10,打刻!D:D,$B$3,打刻!G:G,"出勤",打刻!H:H,"○",打刻!I:I,">0")) | E10: =IF($A10="","",SUMIFS(打刻!I:I,打刻!F:F,$A10,打刻!D:D,$B$3,打刻!G:G,"出勤",打刻!H:H,"○"))
B11: =IF($A11="","",IFERROR(INDEX(打刻!E:E,MATCH($A11,打刻!F:F,0)),"（記録なし）")) | C11: =IF($A11="","",COUNTIFS(打刻!F:F,$A11,打刻!D:D,$B$3,打刻!G:G,"出勤",打刻!H:H,"○")) | D11: =IF($A11="","",COUNTIFS(打刻!F:F,$A11,打刻!D:D,$B$3,打刻!G:G,"出勤",打刻!H:H,"○",打刻!I:I,">0")) | E11: =IF($A11="","",SUMIFS(打刻!I:I,打刻!F:F,$A11,打刻!D:D,$B$3,打刻!G:G,"出勤",打刻!H:H,"○"))
B12: =IF($A12="","",IFERROR(INDEX(打刻!E:E,MATCH($A12,打刻!F:F,0)),"（記録なし）")) | C12: =IF($A12="","",COUNTIFS(打刻!F:F,$A12,打刻!D:D,$B$3,打刻!G:G,"出勤",打刻!H:H,"○")) | D12: =IF($A12="","",COUNTIFS(打刻!F:F,$A12,打刻!D:D,$B$3,打刻!G:G,"出勤",打刻!H:H,"○",打刻!I:I,">0")) | E12: =IF($A12="","",SUMIFS(打刻!I:I,打刻!F:F,$A12,打刻!D:D,$B$3,打刻!G:G,"出勤",打刻!H:H,"○"))
B13: =IF($A13="","",IFERROR(INDEX(打刻!E:E,MATCH($A13,打刻!F:F,0)),"（記録なし）")) | C13: =IF($A13="","",COUNTIFS(打刻!F:F,$A13,打刻!D:D,$B$3,打刻!G:G,"出勤",打刻!H:H,"○")) | D13: =IF($A13="","",COUNTIFS(打刻!F:F,$A13,打刻!D:D,$B$3,打刻!G:G,"出勤",打刻!H:H,"○",打刻!I:I,">0")) | E13: =IF($A13="","",SUMIFS(打刻!I:I,打刻!F:F,$A13,打刻!D:D,$B$3,打刻!G:G,"出勤",打刻!H:H,"○"))
B14: =IF($A14="","",IFERROR(INDEX(打刻!E:E,MATCH($A14,打刻!F:F,0)),"（記録なし）")) | C14: =IF($A14="","",COUNTIFS(打刻!F:F,$A14,打刻!D:D,$B$3,打刻!G:G,"出勤",打刻!H:H,"○")) | D14: =IF($A14="","",COUNTIFS(打刻!F:F,$A14,打刻!D:D,$B$3,打刻!G:G,"出勤",打刻!H:H,"○",打刻!I:I,">0")) | E14: =IF($A14="","",SUMIFS(打刻!I:I,打刻!F:F,$A14,打刻!D:D,$B$3,打刻!G:G,"出勤",打刻!H:H,"○"))
B15: =IF($A15="","",IFERROR(INDEX(打刻!E:E,MATCH($A15,打刻!F:F,0)),"（記録なし）")) | C15: =IF($A15="","",COUNTIFS(打刻!F:F,$A15,打刻!D:D,$B$3,打刻!G:G,"出勤",打刻!H:H,"○")) | D15: =IF($A15="","",COUNTIFS(打刻!F:F,$A15,打刻!D:D,$B$3,打刻!G:G,"出勤",打刻!H:H,"○",打刻!I:I,">0")) | E15: =IF($A15="","",SUMIFS(打刻!I:I,打刻!F:F,$A15,打刻!D:D,$B$3,打刻!G:G,"出勤",打刻!H:H,"○"))
A17: ・出勤日数／遅刻は、その日の最初の「出勤」で判定します（2回送っても二重には数えません）。
A18: ・記録の修正は「打刻」シートを直接書き換え、「備考」に理由を書いてください。
A19: ・このファイルは誰にも共有しないでください。職員は自分の分も含めて見られません。

Sheet 打刻
A1: Key | B1: 日付 | C1: 時刻 | D1: 年月 | E1: 名前 | F1: メール | G1: 種類 | H1: 初回 | I1: 遅刻分 | J1: 記録日時 | K1: 備考
